arrival_rate,service_rate,num_servers,simulation_time,avg_waiting_time,max_queue_length
1.5694056989430298,2.4520836113963886,1,318,0.5643998355003967,9
1.336380404393202,2.4825399372487644,1,117,0.35883638172883686,5
0.8492503725743275,0.9183779233981537,3,245,0.011157799106782731,2
1.9009424763776468,1.3851276870223193,4,138,0.0069659326841015334,2
0.8658756965932302,0.8252729397676124,2,221,0.3256220819229187,5
0.5010628774785952,1.7437821057884815,2,494,0.01052594278308054,1
1.151089359372064,2.110958479252531,5,264,0.0,0
1.3970167047210533,1.862428231370647,5,382,0.0,0
0.9480094131890185,1.6415598344645035,2,330,0.045978110446755566,5
0.8372916737479883,2.2142475844288367,1,174,0.22367455970937716,3
1.2603046652972876,1.370057579422428,4,331,0.0028755418883195023,2
0.8754594114581882,0.5816721820891899,4,355,0.022266598331896446,2
1.178436408141015,2.066344149848758,1,447,0.5412856384000444,7
0.9259935608116738,0.858486184056418,2,445,0.644904312416032,9
1.4806521896654539,1.7982369646713101,3,197,0.01192521613508057,3
1.5899580394830701,1.669685086642733,3,363,0.03646184734638846,3
1.0491517244698152,0.8646280938319657,4,166,0.0295860222050592,3
0.5531192360478219,0.8405481494127487,3,315,0.009681276973963352,1
1.0113391376531458,1.6056933032601752,5,313,0.0,0
1.6030859669502853,1.0881843300647822,1,111,24.436453954760804,80
0.8768047221072981,2.246926902251209,3,155,0.0,0
1.4905883144560157,1.7629229398374886,2,490,0.10084999733818532,4
1.149996687293992,0.6219361515779838,3,403,0.41836868422215984,7
0.9995209957478748,0.931650336065617,5,371,0.0,0
0.9079888743917334,1.1635227834175366,3,165,0.018439449484806452,2
1.79910340717546,1.8102144437604095,5,310,0.0,0
1.0863913167031916,1.32310480813955,5,404,0.0,0
0.5091490921667099,1.2524741020367276,1,389,0.4081759349663455,3
1.6672755395734602,2.078301466141738,3,285,0.009116750478260943,2
1.2240810113003298,1.6861203115472847,2,398,0.07226986479187907,4
1.0311019722324906,1.8332874253312832,3,491,0.0017660233219089006,1
1.106072925153255,0.6419901971504978,4,337,0.10614631116053212,5
1.327253016788956,0.8553731251543493,5,413,0.013153746775347797,4
0.503290206394536,0.7610124926846538,4,422,0.0018643827452886554,1
1.421774802002887,1.0168576129461568,5,217,0.0,0
1.9350754540947044,1.5258907425944224,3,471,0.044628995676628265,5
0.9121758298308997,1.4638761696264904,1,198,1.1710176402328991,7
1.2030442562815813,0.7122642328613036,2,370,1.4621191251645183,8
1.0672284434219925,0.9368682029092712,3,288,0.05587534978153904,4
0.9794737461962185,1.8068752412677578,4,241,0.0,0
0.7500768622846397,1.2922963619771153,3,156,0.0020611310286991215,1
1.9227422681801463,0.5044025935955398,1,190,64.96043933772606,278
1.5388416365651576,2.112509253435572,2,107,0.08012882788925618,4
1.3033782346350056,1.8071484422885418,2,378,0.06995524330348729,3
1.5335687774255742,2.346368856542793,2,336,0.03647221045967912,2
1.9001475909668017,0.7144716207755533,4,113,0.522176444825043,8
1.0741419858732284,1.3420343035467013,2,213,0.19619862069987423,4
0.6918094722605518,1.160724496906449,5,256,0.0,0
1.9487663222744618,0.6831646130967108,3,500,7.449047664427582,40
1.1264985322660397,1.2773834546961986,5,116,0.0,0
0.7445103037116703,1.1056957677830572,1,392,2.6864177474412205,11
1.005528056733103,1.7774715364251585,5,445,0.0001001563213450019,1
1.8090161535100382,0.528175367948855,3,337,19.311171736030307,65
1.2068655321593964,0.6151649129388796,2,111,1.3757737236511238,8
0.712328440603284,0.8973270238237265,5,114,0.0,0
0.748478979134456,0.9910076915339836,5,408,0.0,0
0.6701286454006927,1.0366887993265705,2,286,0.2546587683066081,5
1.9307001937951047,2.085348828547955,2,433,0.14941999210852816,5
1.9555160914461578,1.9818398590516633,5,209,0.0,0
0.5554626182526646,1.4907229843792602,1,187,0.28226213322594773,3
0.7399316435643,1.4618344189830386,5,425,0.0,0
1.8906589139562586,2.4433152834616827,3,105,0.0057921122581429405,2
1.6341671237165496,0.7470469840144602,4,392,0.11794014706691396,5
0.663712339528101,1.9825274117241423,2,278,0.011111430349418827,2
1.031469169259275,0.7512146280914962,3,471,0.2619372778280399,8
1.1792436268084077,1.7426386312053934,5,211,0.0,0
1.693194618488115,2.239079980553103,3,109,0.025914073791687007,4
0.6773793495694402,2.2022510857699675,3,449,0.0007936597942585895,2
0.9983924599647113,1.315633306518133,5,412,0.00020825515824098929,1
0.8500540571040467,2.084786195857105,1,306,0.2952688786409158,8
1.806334366320349,1.1221574833915997,4,216,0.01622649219515953,2
1.723678229997519,2.2031214547274365,5,466,0.0,0
0.7801083431161075,1.8767265264961936,5,231,0.0,0
1.8047197245311652,1.0577144748093101,1,257,44.25482166669626,178
1.587311177854448,2.299795772068765,4,101,0.0,0
1.4060568872900272,2.0256992542761254,2,213,0.05992665050425401,5
0.686232834221902,0.59672775490058,4,104,0.014618301478848834,1
0.7145929484489556,1.564767720851531,1,329,0.5106275351266815,5
0.8715666457279481,1.8413201210715158,3,351,0.0040289453073658055,2
1.264119511667054,1.9056089967018925,4,499,8.455921678849138e-05,1
1.079869778001726,1.7808837369241688,3,361,0.00587460863955471,2
1.656978831971054,0.8813052427850117,5,402,0.017762782530827092,4
0.5933475279350084,1.220724129632031,2,276,0.03831741873180219,2
1.0429782787826527,2.167390048934209,4,449,0.0,0
1.4985605187119246,2.2802726327897243,5,463,7.016712613552171e-05,1
1.7793157084694398,1.7219275535718288,2,100,0.13226683293646266,4
1.3902599011901027,1.4385451988704396,1,420,13.383961924447428,55
1.7027860942478188,0.8338801532241147,2,203,28.104376133901667,83
1.4176102412905842,1.2739003630585788,5,194,0.00035249838810438394,1
1.245667573506809,1.616060739544232,5,374,0.00021274203172439693,1
1.9808871581901608,1.3271518279637478,1,265,58.899493765140086,218
0.6514631287179767,2.3130975864202514,1,500,0.13052140396241446,3
1.7113488044326925,0.63996279362622,3,394,2.1827092800124617,17
1.7720067878452628,1.1685926635843702,2,280,1.7434167434777434,19
0.7515613817500706,1.3128697692169384,3,148,0.05747720814203474,3
0.50967855565542,0.5138147206755657,4,215,0.004686411256585051,1
1.9353178899084285,0.6232013597363839,4,164,0.2521411173044324,8
1.770127791719776,2.1290396383096755,4,443,0.0013814681118630929,3
1.9496049318618103,1.829456388404479,5,487,0.00042913335968621744,2
1.7095135699537325,0.9319736001380405,2,161,1.121259736292559,11
1.9429956205140742,0.7620515886748442,2,184,28.16842200593262,102
1.8001379586256006,2.420635142228318,4,272,0.0016072152830067378,2
0.5411471968130761,0.9967879096554857,3,387,0.0003270968309517546,1
1.524714364253972,2.2015713489309627,2,116,0.1120757723698212,5
1.684589391023855,0.9067617739420166,2,273,2.682994746357443,20
1.3213704073282848,1.196959581106321,4,316,0.008443434751767153,2
0.6852007780523335,1.0167191553511208,5,241,0.0,0
1.1254763047548693,0.544500610480253,3,303,0.712422304251277,7
0.6245303470904704,1.8192566491721913,5,255,0.0,0
1.6303360131300733,2.462401156841473,5,184,0.0,0
1.4642297106127777,1.6156588568374826,2,192,0.19793363350825668,5
1.7927662852241335,0.6878995522420268,2,198,35.38199509263214,108
1.4478346617451452,0.5120846622918136,3,157,1.54801543427505,10
1.848347795626525,1.8393617084188048,5,398,0.0006733625476218575,2
0.7988241753072188,1.841832024861569,5,261,0.0,0
1.133434683075882,1.7138871042490926,4,231,0.0,0
1.0361791936074916,2.36537998524678,3,262,0.0005798659254593451,1
0.7308999488472068,1.271641946686291,1,427,1.606894491461858,12
1.25582524665634,2.018537730874439,5,266,0.00013276548070733214,1
1.2976017402122877,1.129430222338448,3,482,0.06307489196023837,6
1.159800942399181,2.1856942020954415,4,250,0.0,0
1.5849264403673606,2.47229791757844,4,281,0.00028255965081079327,1
1.8825411546429773,1.020042819388459,3,206,0.23578932115204246,7
1.9407443601571694,2.4970685813150473,4,144,0.004985020763892595,3
1.7579876171646738,1.3783665528680318,4,146,0.010371261747275092,2
0.5309066021457197,2.357696107615718,5,281,0.0,0
0.6199805735178008,1.5176392741374483,5,180,0.0,0
1.5592822328258538,0.5335843527743986,1,487,173.48026256252143,564
0.554880324491529,1.7497706242556441,3,413,0.0,0
0.7782046389724412,1.6592882841937806,4,332,0.0,0
1.8740459105245209,2.22290913670634,3,144,0.01190531568433441,2
0.6074787561160951,2.4040785095902075,3,118,0.0002502501304200638,1
0.8376423020551684,2.0749253862253685,3,472,0.0010443307087200945,1
1.8026499239365932,2.0904435292917123,3,138,0.02705602408196275,3
1.5323622662588192,2.403445637156179,2,137,0.047906685763982375,3
1.3732745417971466,2.493461377504122,2,276,0.03385918206917446,2
1.8686689920073845,0.8929725907540829,5,190,0.03214389892835681,4
1.1955963394539122,2.1615013430243,5,122,0.0,0
1.7293534858830728,1.9169326422809199,3,316,0.007588582271928015,3
1.0248015264112307,1.7529747998104381,1,436,0.7134126030365492,6
0.7179288817191909,1.0898623302794626,4,193,0.00235702360526805,1
0.5022567560870494,0.8405696183297937,4,464,0.0,0
1.2000790480673447,1.2992843792650541,2,351,0.24299294179059192,6
1.5253547546513835,1.3506587454792998,3,295,0.051322270316608645,6
0.756025508880251,1.2937119454141959,1,251,1.8581571985911116,10
1.514292498490868,2.405512911360322,2,167,0.022662460672087034,2
0.5765054846683647,2.3079310382881437,3,171,0.0,0
1.9651493559022748,2.068069283932445,4,244,0.004896589600029112,2
1.991373473187791,1.5849864566220841,2,290,0.3243156536487457,8
1.7164649894570572,1.840111389170273,2,316,0.11571246862345355,6
1.027172142607045,1.2298244726414558,4,330,0.001377947568074811,1
1.8058652963199557,1.2695415525290579,3,287,0.13058949195782607,7
1.9428464929685285,0.8223875416581388,1,358,87.57838418928928,357
0.5596488255544136,0.9057922007725667,5,377,0.0,0
0.6839065064350034,0.8055742452782637,3,435,0.02108102120328902,2
1.2257824350210202,1.0945886864932148,4,395,0.020728065765012408,3
0.5083152029338499,1.9959234637862735,2,389,0.0042432703041388785,1
0.9573678990130929,0.825043177254063,4,172,0.001519097156825297,1
0.6083350057041178,2.2922077941897294,5,443,0.0,0
0.7723991413232114,1.2266252504419337,2,325,0.03308655620951365,2
1.3581682789986607,1.508367660574134,1,213,7.9368503900499565,28
1.324282053366744,1.1766227627037351,3,371,0.029640236173250265,3
1.149463483357122,1.1758552022681652,1,351,5.57879586284201,18
0.6714228958295945,1.0101166389504348,5,331,0.0,0
0.7057153791704665,0.8175201914079913,1,436,4.2388040437342145,13
0.9497128584543872,1.8979056661240499,5,362,0.0,0
1.490311656789559,1.0685379658568364,4,232,0.03261094069157088,5
1.43089620758958,0.7963982124113373,5,298,0.010512820694480576,2
1.813468122098073,1.0820735346851542,1,477,110.83794845636314,372
1.3258125909025908,2.4015466523842965,2,421,0.025088659327401144,4
1.0568488919452281,2.0889881860158375,4,386,0.0,0
0.6882990733246939,0.9788324802397279,5,249,0.0010494594879035418,1
0.7322666934646653,1.2464238684939095,5,148,0.0,0
0.6498860516833358,1.7770591099654516,4,455,0.0004228615490421592,1
1.4279305545290626,1.8747269694944158,4,215,0.0013997116353462761,1
1.207713055457236,1.1795945281545726,2,337,0.2006126633137453,5
0.8609288606136948,1.0950205569132745,2,308,0.20144150048077894,5
0.9400366976431485,1.1466291777767823,4,234,0.0,0
1.906805663553694,0.567890968987466,4,214,0.7447525888906946,14
1.4410918427460557,1.7492151978447203,5,288,0.0,0
1.7425017106296767,1.5180542671068598,2,277,0.23830193130582156,7
1.8546111486060672,2.2840111205286977,1,394,0.7872856397513812,9
0.8689163847527768,2.4038109116179207,1,324,0.17457566149970905,5
0.8193709339248634,0.5630673120930725,1,224,59.652925473083485,90
0.9605500143347911,2.3986762709766953,5,333,0.0,0
1.3674955204590864,1.7177423914245529,2,252,0.1772589295975596,5
1.189116962662243,2.0696191986695096,2,284,0.021025921063181817,2
1.9010629366475014,1.9650455459237373,3,330,0.010677490301855809,3
1.0473809262231695,0.5753584117877122,3,383,0.2799036133882819,5
1.844362418317341,0.9651251232360478,5,465,0.004098989488749649,2
1.5855463269920722,2.104067520999095,4,435,0.001544433936187055,1
1.4597081110642343,1.9556038458684297,5,396,0.00010989735721135268,1
0.9236931582614822,1.9334710336996948,3,105,0.0020334755874560667,1
1.803033980712017,1.334789123470362,4,448,0.016982463636693045,5
0.8790133806545676,1.746432455146005,4,396,0.0,0
1.1578357640180807,1.0321967840548085,2,249,0.6948503641292747,9
0.8906359367656311,1.0908865794643967,1,151,0.9847916810086792,6
1.2780234636397234,2.098432977961992,2,400,0.04978644537800451,4
0.6420664838715526,1.0505453274289989,3,388,0.004730036200353779,1
1.4761616816102823,0.6691201907686986,3,242,0.7533967226598135,10
1.3784918086688864,1.0357304069187234,4,147,0.014612839203270564,2
0.9229502978869173,1.342536540160569,5,135,0.0,0
0.641428223265134,0.766241775769479,5,351,0.0,0
0.8851915761842362,2.4979714620265048,5,368,0.0,0
1.352996640951038,1.7466954314638745,2,393,0.10067917788644987,7
1.9309987805370676,0.6833569332801814,3,306,5.272200963718463,33
0.7460154627098134,0.5538394129957027,2,132,0.5956189608078015,4
1.5421087748302633,2.4487752108588166,3,364,0.003579578118693879,2
1.7248893975914874,2.2435203109533965,3,258,0.005292614090850566,3
1.4405551800864993,1.721725156308404,3,369,0.005326154217233509,2
0.6775953999852162,1.5520244942741401,2,457,0.022005475479737798,2
1.4722869238591583,1.4499737318525845,3,232,0.050133060209498016,5
1.36715757056022,1.1843801763790378,5,128,0.0,0
1.476987723614972,0.6291914311111457,3,474,0.8653713736337637,14
0.9463276653897835,1.1382004088910824,5,161,0.0,0
1.1347031812203967,1.6555632380871754,1,119,0.5790515923443347,5
0.9700573511951962,0.5939465102606756,5,214,0.01803160514964399,2
0.5212830964259139,2.3117746760262605,2,405,0.0034920804957473055,1
1.8355637473553732,2.2582907272211203,1,430,1.8296798053199637,15
0.7675229742925573,2.201626702743318,1,334,0.3880646687092136,5
0.7855324974812976,2.0119791271327707,1,207,0.34994105882750165,6
1.3144719408475476,1.561498620193007,3,432,0.011031923525869118,3
0.5092706740348099,2.492979452757274,1,123,0.08192829884390795,2
1.49121627021407,2.115479881219808,3,446,0.0069178905197669295,2
1.644626594034789,2.185495381701834,3,115,0.010513769704935273,3
1.9587775856977578,1.7127656347864428,5,355,0.0,0
1.5550803741451726,1.9719458397714038,5,370,1.9823940000837798e-05,1
1.5253143486350254,1.0192535168362733,5,466,0.005789418809719849,3
0.7439507204704632,1.1705102578588236,4,299,0.006029515900123765,3
1.543858448001775,1.6346665511463951,5,293,0.0002540450376388262,1
0.6959974818354604,1.6026295619993771,1,495,0.45793029003087565,4
1.7507035333589258,0.7648002287704694,5,445,0.07326207391228279,7
1.0227664560756844,1.2475114465912174,1,489,1.5408589621564726,11
1.2296605841947996,1.633398060927323,5,102,0.0,0
1.8947568516311903,0.856325496215409,2,373,13.970884161442491,53
1.942663455112685,1.908332952244381,1,178,8.02829758970523,35
1.5049403038300968,2.0850068903213197,2,158,0.04494690942201389,3
1.8875112733526127,2.1860274970949334,5,256,0.00031312888899030436,1
1.8760688609779268,2.281787795847801,2,126,0.055725787242325645,4
1.0258705367166847,1.0491870077298608,1,372,5.301946178710711,22
1.3608770421975045,1.0171654967515091,2,276,0.9679550208923391,9
1.265659301588455,2.0785005593979062,4,435,2.5813311442975234e-06,1
0.5483117836799352,2.116419727278948,2,159,0.03503247205150919,3
1.5670997883321494,0.689332370842312,4,462,0.2645559116548074,8
1.3098868415499194,0.5534440657196678,1,193,50.78440357754666,149
1.747017535451584,0.628981316997393,1,114,33.597207276289865,141
1.6814763084459927,2.179909768347173,1,369,1.848627662761127,16
1.3166989546983718,1.6778867906591028,5,249,1.7559479430127743e-06,1
1.4981573864946958,0.6501581433518719,1,253,71.12013168032429,247
1.009699825818655,0.9683670873207118,3,271,0.07735643069081101,4
1.6860674124344814,1.4210920410681276,5,460,0.0006511431455589711,1
1.250905499266366,1.7472453658344742,1,402,1.0942525104122898,11
0.9117525787645184,1.7210043627679656,4,259,0.0,0
0.7104168041449366,2.01161765501026,4,423,0.0,0
1.7407490329247102,2.4443384567648376,1,360,0.9623864240870492,10
0.9931979306360306,1.038090899122387,4,320,0.013492622323739755,4
0.8584294813441674,0.9313668131178094,5,207,0.0,0
1.8718669891571933,1.5384761444645227,2,122,0.5001936382275427,12
1.765380435396335,1.8671640783469772,3,269,0.01816938484095212,3
1.3050827524744824,1.2499286456908165,2,341,0.2856078873679156,5
1.6979409868325037,1.215070641592555,4,184,0.027185116470168056,4
0.5179863882890761,1.470092409143706,5,319,0.0,0
0.7843077407574937,0.5364224473554577,3,410,0.3508859297627699,6
1.1487989711717417,1.7757759259219033,5,255,0.0,0
1.5371987761527053,1.4637123078023424,2,324,0.23069818928894084,5
0.8801005231766378,2.289038083013141,4,454,0.0,0
1.810930157261514,1.5465093187176648,5,332,0.0017073987859930542,2
1.6943888320596157,0.8279201647983787,1,404,87.78565369324552,300
1.8948644708855453,1.0349375898684174,2,494,4.228199995922475,38
1.6373361215778344,1.640994537833116,4,290,0.011962265084257564,5
1.4260365224594187,1.4030838504839827,1,223,6.102162198303857,21
1.4620279514367114,0.9283347615324338,5,157,0.003304888106631894,1
1.251628441713632,0.6031033663663559,5,431,0.008823963275767868,2
0.8313745905657792,1.993300578550751,5,257,0.0,0
1.547615663771042,0.6358406056420378,4,476,0.20175593579274578,6
1.0687148741133208,1.1883750135793074,1,433,7.757423439733996,43
0.7250923839430463,1.3071725168024324,3,268,0.004612121333598326,1
1.3211430606590695,0.5757026423595979,4,401,0.24161617652364628,8
1.5808469559716114,1.0281472432514203,2,440,0.8020181541944261,15
0.8829793764150755,2.3245264217936636,5,465,0.0,0
1.2959361847650286,0.7908111201183274,5,417,0.009726087162974637,3
1.2950858465212713,0.5449383476716778,4,183,0.13220966070694576,5
0.9331833294784184,1.1800692214659176,4,398,0.01238069731980057,3
1.138782560232532,1.7227912424860516,1,365,0.7330838537035497,8
1.2099810382024736,1.926164024464708,1,193,2.0372649097778233,10
1.834344742120146,2.073673048614357,5,484,0.0,0
1.9078835366352693,1.9398252841005654,1,196,4.366549519868692,25
0.7785236667572737,1.4356201213574755,3,210,0.0026686168358973283,1
0.8678687419972966,0.5163715287951218,2,410,5.155672048255796,16
0.8028029728350314,2.1813879630313133,3,289,0.0033289486719443153,1
1.7016567927600486,2.2211143104320237,1,159,0.7324003114648725,7
1.7647278032839184,1.415508369088203,4,223,0.009913946266759609,2
1.0889243045975527,2.1865042462479116,4,401,0.0,0
0.9799048241154886,2.1595220690166355,3,135,0.0,0
1.187475608252418,2.4810595930192734,5,122,0.0,0
1.247111818391531,1.7145948567991518,1,273,0.9897082383842284,7
1.6952604031203056,0.91608647987013,4,349,0.1294978029019146,6
1.259596209402558,2.3382093443588006,5,301,0.0,0
1.3675581496278186,0.5690353042838128,2,311,8.452658585782507,26
1.7151474727133675,2.4897123606556146,5,256,0.0,0
1.6191879151436408,2.2663154783256196,1,236,2.4351385207516825,19
0.6758884388491843,2.207464885975856,5,179,0.0,0
1.1692812161395698,2.335049484911472,4,359,3.329440206700973e-05,1
1.0869509762270781,1.3070387091793412,1,460,2.6206859985561297,16
0.8469083199907046,0.5213583339589198,3,271,0.4775201293514247,6
1.9523001621314946,2.0029542628994745,1,413,7.021578797336305,47
0.6159288113185425,1.5477818001342962,2,460,0.008222924302238331,2
1.1545857953647176,1.9073783333193806,5,250,0.0,0
0.7237925999345756,2.1803556489313887,2,491,0.0156551621406968,2
1.3055413508960483,0.5623647660662836,3,371,0.5079338088859673,7
1.6841851977741318,2.350661762262627,1,453,0.7730719761490348,14
1.2693086582315722,0.646660648333107,5,234,0.008572519899377273,2
1.8128861280396147,1.5803196770884327,5,154,0.0019757810862741595,1
1.1074241098638415,2.2492574790092275,5,319,0.0,0
0.6218357549144315,1.7946622639466985,3,289,0.0015820137930104504,1
0.8415182613555512,1.0668305280138903,4,148,0.001806851905294001,1
0.7868820049019667,2.401717050927356,5,414,0.0,0
1.8738383330906683,2.1109603959307077,2,118,0.16389023657143184,7
0.8870716387190494,1.2089484543444562,1,196,1.0149590274799443,6
1.5219672628133853,0.5486351584870686,3,324,1.7693936732548707,19
0.6474493620090829,1.4460826338326291,1,226,0.39639283977517326,4
1.2987540282389878,0.5268992364487011,1,362,115.2683916967292,303
0.8464350373254985,2.3847187874886933,4,362,0.0020106582905653216,1
1.220123757181078,1.6619367519082393,5,306,0.0004662391722148363,1
1.1298453317426342,2.3972834364671822,2,107,0.02606890812807088,3
1.6532309950597393,0.5420993228674553,4,121,0.6181973489988748,7
1.575954665281039,1.2979504388876657,1,233,25.037224960308837,71
1.84551554247524,1.362526466935525,4,272,0.024188104073302612,4
0.6953167526730237,2.0571687689804214,2,136,0.01842664020347886,2
1.9352168656387687,2.0880708896722195,4,116,0.0009495230795371769,2
1.2827506583063197,1.4993989543338935,1,283,4.197991522829367,21
0.820474823884701,1.703369289073229,3,470,0.005016938458757528,2
0.5322555068718329,0.9305965941533034,1,314,0.9175273039578993,5
0.9743602958262833,2.0558043284246343,1,186,0.2891237090275025,3
1.3415829184153276,0.9662010212182466,2,405,1.2740845748432001,14
1.895154083658337,1.3685411200948894,3,461,0.05139159213864423,4
1.4381947157282804,1.130648594868176,3,363,0.08579817365802364,6
1.8889327843808927,0.592983110050975,3,458,25.047450942082595,96
0.8488167970419533,2.259047947414279,1,156,0.19269845269062322,3
0.6607202421533873,1.7006956653967056,2,385,0.028334921662722688,3
1.1222116721573954,0.8189292616785484,5,491,0.0071983610573407054,3
1.7917565001360904,0.5655311249605095,5,449,0.25440317540641033,12
0.9772353644287198,1.2796340819060168,2,405,0.0543968276794473,3
1.3465567116615573,1.2500239632455283,5,266,0.003329315861003362,2
1.2898068685756177,1.3322057355366703,1,258,3.812139531439291,19
1.6928259213561576,1.0636734744240568,2,103,0.5543254520118471,7
1.0126553230623907,1.4366899622296898,2,130,0.08253273705506063,2
0.5624621278515316,2.4927776619581454,1,108,0.11007630247177232,1
1.588894643246084,1.5896320581433476,4,111,0.0,0
1.5896193607907902,1.701812564851884,2,250,0.12097083067599881,6
1.374046032781245,1.7373983543530331,1,292,3.333616828901545,17
1.8628234762168674,2.3507943752104885,3,411,0.004223722795534885,2
0.5565322636884649,2.339296078378675,1,462,0.10554639537497386,3
1.4866855644769073,2.1475652944100805,5,157,0.0,0
1.5553026672262051,2.443794619308394,1,464,0.7661312089194027,11
1.1436431144931216,1.4302779048550036,5,463,0.0,0
1.0633662710305134,0.8611417754517672,1,112,27.894878102844824,60
1.492412862895426,1.4425057798641008,1,322,11.572255199335943,39
0.5501604684534684,1.0923797100199004,3,200,0.002414649336452849,1
1.0337879475244716,2.4095596872212797,2,417,0.023432316113484168,4
1.07435527395178,2.1619145290982265,2,267,0.025818000953999685,3
1.9399111513158116,0.8622138832756023,2,289,10.753924152070056,51
1.5784418472667332,1.9316594000970555,3,125,0.017606168166033685,2
1.4753168018399085,0.8772736960240679,5,285,0.004450862417473106,2
1.1318302304130894,0.8662031034707489,2,246,0.8892244093682103,7
0.6576606851667607,2.466840405005783,2,486,0.008045681798746042,2
1.409334928164805,1.8770013162305885,5,201,0.0010614613685224746,2
1.486397957512735,0.8881609397043566,1,206,45.212596842249155,140
1.9811289161939094,1.9597348556243488,2,428,0.15128550406099925,6
0.8562480900448081,1.084457401537955,5,294,0.0,0
1.1281294557358414,0.7536543609165431,5,341,0.006721990782527742,1
1.037896617516328,2.184053353658654,5,365,0.0,0
0.7272599962545985,1.6560228284947054,1,191,0.29862916838499554,4
1.243693140057196,1.9464293641080403,1,332,0.9880038976484712,9
1.7356911157116033,1.3748862841501301,1,423,48.38695298943823,185
1.6276038419339711,2.132391834507456,4,460,0.003779535308619856,2
1.047800695647848,1.3295344967839446,2,273,0.12531375285404991,4
1.864586305979381,1.4175397147957445,3,275,0.0841507806350009,9
1.310658638806059,2.4608566082723526,2,149,0.0336732271059043,4
1.2872743201926138,1.0653733328059274,3,183,0.022576423726898453,2
1.6843817870659736,0.6685011405504782,4,300,0.4153471625935495,12
1.0550086567337904,1.5101427472368536,2,454,0.06984340755931949,3
1.117047445263116,0.9871994611801136,4,116,0.0068881397377309125,1
1.8898639049595425,0.5369379743870148,2,185,44.88047589078746,158
1.1817828121471952,1.8285393254588729,1,460,0.7462518319988829,10
0.9431444659529933,2.2613030929404694,5,362,0.0,0
0.5826091978081063,1.2978890912098724,2,316,0.004551706416045414,1
1.9500644181915212,1.2775626057034093,2,488,0.6390325788394452,8
1.9785587239897915,1.2972647347382302,5,255,0.009490820770798311,3
1.3026414763979206,1.0442802015020414,4,406,0.0024460138750624183,1
1.9393231270706257,1.5941667906484995,5,110,0.004063482004143863,2
1.4421932819082346,1.2452486796062094,2,178,0.7636612103240502,10
1.439856933438492,1.7135059711439937,1,403,5.747727361864278,27
0.8217233029785873,2.1877779451401085,5,298,0.0,0
1.9715817167570628,1.7387214917328129,3,171,0.056711013108948875,6
0.6178649006612006,1.9207498745657325,1,283,0.2701097059087436,5
1.38580845748489,1.5263605432182463,4,193,0.0001720766816913463,1
1.21875798330549,1.8141286291821621,4,428,0.00013083239637912836,1
1.8343859073736553,0.5499991971240861,5,493,0.3203134735004024,13
0.8565803509317462,1.4149986949989017,2,434,0.07859263343432792,3
1.739868900615815,0.7106089924278729,3,286,2.0755141933197394,20
0.9227866215940543,1.8979950892278106,4,223,0.000512837341800456,1
0.8890318510370581,0.6451722254889416,3,172,0.06403409435257737,3
1.484555990429674,1.6019698444538142,2,309,0.17934490430354894,7
0.9045365457444652,1.5095681436956427,2,379,0.06490000413242977,4
1.0251220250565738,2.3804190628847497,3,497,0.006602482909834612,2
0.966965959702774,1.5753288106769778,2,138,0.08565736627290879,3
1.5281453775761316,1.386286622159528,5,125,0.0,0
0.7258493141565237,1.627209392403812,4,142,0.0,0
1.3600949260593567,1.5810754146731665,4,430,0.004023515554564523,3
1.965010083246276,0.6301282926398477,5,375,0.14974875100438523,6
1.0975456937260002,1.0112804803948598,2,271,0.2874272200656093,4
1.562094694695606,1.2260094422160301,3,293,0.03621126533362048,4
1.9947889302119317,1.404197913097259,2,278,0.501480788816933,13
0.8283927723208111,2.3279863188726813,4,346,0.0,0
1.7791392472418142,0.7077940211459361,3,290,0.9506459576588293,14
1.917558851440353,1.30572997952477,2,310,0.4827650332292527,10
1.4523342352995847,1.089553814352496,1,329,41.49912169409003,151
1.2625423318779627,1.1311236526979338,1,230,5.178938359194893,19
1.2512963191781221,1.3577667408936887,3,245,0.02073758197470436,3
0.7166952366842609,2.284705247562262,1,139,0.22347396806768477,3
1.4963451089332085,1.5627041444315395,2,264,0.18994920261198064,7
0.7954466338591955,1.7592503591394777,1,361,0.3520854590612143,4
1.7615861812681357,2.185731418347329,5,222,0.0,0
0.6923174373826322,0.9006551516686605,2,466,0.1983604786447987,3
0.5441332967537451,1.0979788459311548,5,449,0.0,0
1.256763440448044,0.999640441621227,5,407,0.0029151545363858807,2
1.8106126304410708,2.0588623183758177,3,170,0.00745207489875805,2
0.7992444341308775,0.5996677348321626,1,139,25.687281525244398,30
1.773868173200678,0.5936978323094948,5,426,0.08203140084721648,5
1.4913351730493127,1.2453950727043406,5,293,3.974194844313253e-05,1
1.9233034577414416,1.0368098733304538,1,155,35.796262095742875,123
1.255617441040122,2.0456781976325527,3,327,0.0025931022405050208,2
1.987647600053228,1.2163579727178746,4,221,0.0382073499041232,4
1.0123614373062058,2.2363887081662797,3,180,0.00732617295527673,2
1.9314203133451104,2.440528834077429,2,459,0.07643092670210681,7
1.4168438634314948,0.7885228848709029,5,440,0.015255462856463417,5
0.7231167358309288,1.1863599354549357,1,436,1.462059112138605,8
0.6468049294646367,2.418543233267761,1,211,0.20077258422833325,4
0.7195249777538315,2.0175774531690136,2,185,0.022389784625589142,3
1.4933994116415827,2.3962882026400742,3,284,0.0060066208014509315,2
1.1785883552530487,0.8829323039613635,2,340,1.6243586873548093,12
1.1971920543575036,1.6394771001930322,3,388,0.007037798141744946,2
1.2329185745471478,0.9654412301952635,3,279,0.05032418874235655,5
1.089866460523035,1.8807200680580007,4,375,0.0023144494654475157,1
1.7799685714195612,1.0782700214295844,1,173,32.56480473377879,112
1.4210678530798808,2.447976236749838,2,379,0.03914467531375477,4
1.814093378020465,1.94148325258512,5,222,0.00011130669062662575,1
1.505855250342639,1.6256418892752738,1,235,3.0153862345663454,25
0.5167027556631476,0.7302091251263398,4,324,0.008409443927086478,1
1.3126344983455402,0.7939249942318052,5,289,0.0006361978257501146,1
1.7218841697929905,1.1552498746332815,5,255,0.0030476483149289323,3
0.9945598234981983,0.5234105911379512,5,320,0.056636428470203365,4
1.4863402174006923,2.2597679591839297,1,398,0.660262856256012,8
1.693992894623905,1.717446772536401,1,152,2.013935578193089,14
1.9729784538356514,1.1513500364949976,2,109,0.7001358618352445,8
1.7624084384061605,0.9174685395152626,5,274,0.009078304743582438,3
1.2561999038860006,1.955208199704265,5,416,0.0,0
0.7162332006839214,1.7252988228344013,1,344,0.40201288055089207,4
1.2981676564088431,0.7311655589754174,3,495,0.3549572433077078,8
1.5173790706200045,1.4322732504863231,4,306,0.004316346895629806,3
1.751953292466563,1.5989200853635561,2,159,0.23450753139996786,6
1.906028142745914,0.5492828533788301,1,403,125.53916774100936,547
1.6579231142098476,0.8645662767600768,3,489,0.5842666717323018,13
0.8016569340774523,1.8842205779819943,3,219,0.0003029197816757651,1
1.5694780780932605,0.6033921371192876,4,166,0.43068234226688695,8
0.827509248384158,0.6176742600615166,4,488,0.03351046645172316,4
0.7027671164769408,1.8711784733022108,3,202,0.0008964603866845033,1
1.1143318369705553,1.200430661337099,4,327,0.007945167367455888,3
1.5161241074181089,1.5590928053532986,1,264,4.299886977801225,24
0.833414443644546,1.0722830378405184,2,495,0.2853979858614155,7
1.5604644286307032,0.788260651406675,3,136,0.2332089014991932,6
1.63255407950309,1.785892141654618,4,130,0.012855057336024722,3
1.4445986984830288,1.2228736607690427,2,240,0.26387419415699515,6
1.6445378220383353,0.7255737667218662,5,448,0.05444319179169542,6
0.6276584168498252,1.589224777211755,5,490,0.0,0
0.8464125159141352,1.8776753422241923,5,481,4.8419086216549604e-05,1
1.1457264391307904,1.2283008117974024,1,191,4.387319832774162,22
1.8205258977113246,0.8025713431770973,5,325,0.028168556023549392,4
0.5212109719329995,1.293515903515809,1,494,0.4278412865643796,5
0.7971217116770057,0.9262033610428309,3,416,0.09304426083292078,6
0.5520366416675859,0.6225838605619023,3,276,0.01108277688139836,2
0.636055622798027,2.2441700104453535,1,488,0.11754116602000582,4
0.6588886360712087,0.7661072397649438,2,470,0.24667110283319346,4
0.7291137633379852,2.295391293608159,3,449,0.0019139364452175117,1
1.8572205619676803,1.0680645885661992,3,484,0.17407848228622044,7
1.8834904221427693,1.5562407417033937,5,333,0.0007717560978084,1
1.635929681063872,1.3625492281406049,3,207,0.023430794559380515,3
1.470461821520278,1.3377004003515538,4,353,0.0020574089844924374,1
1.2206450714528094,1.8482796910987627,3,330,0.004812590089532751,1
1.9090516548825018,2.3428784204649222,3,408,0.020334062609774817,4
0.9046189876272832,2.4902812356022985,1,122,0.23386443448421698,4
0.5567448779507549,0.6529818959898679,4,263,0.016823284147561963,1
1.2767094367686338,1.7267236274212188,4,156,0.0005546400031099097,1
1.630773516642303,2.102948783678519,4,174,0.0016429031467441687,1
1.9339458475305285,0.9121500372383324,5,494,0.031806000028422515,4
0.8250881936502619,1.4676451389199898,5,375,0.0,0
1.7328038475470617,2.3486082190872763,2,289,0.05313058769884319,4
1.70394234749845,1.814304854918271,4,130,0.0012151924150066026,1
1.513941496916615,1.7901430906876323,1,396,2.0481702235739663,19
0.7731793174838817,1.9303633730792538,1,488,0.30197297362823267,5
1.9054660664130183,1.9585938795750863,4,425,0.003755489611252922,3
1.4447052074009443,1.6579624133830657,2,257,0.14367905026920386,5
1.0244928217744953,1.8672569807451331,1,101,0.5906171180179725,7
0.8194645052259115,1.1574214460156267,3,459,0.023763058134333905,2
0.8801262979554008,1.3910205203934218,5,460,7.558339706122722e-05,1
0.6786944326984369,1.7737406694835731,1,333,0.25052191790020445,5
1.1588813776323372,0.9070236262390345,1,287,44.758456234192764,84
1.261198315267509,1.362419156785788,4,123,0.005467603690723394,1
1.0630436723937273,0.9300745343405372,3,281,0.06699716829940902,3
0.9656616082449919,1.0676158297773537,2,386,0.14627299935226606,5
1.2805061460575702,0.9164501177049331,2,223,0.4773653269850842,7
0.7714586841665665,0.823658618584308,2,483,0.3687644954824109,6
1.4725429073555836,1.9977802551991128,2,167,0.06846365966678677,5
1.7297891149067952,1.5615099889639434,5,357,0.0014020214062171624,3
0.8373166160018164,1.5327592006218331,5,104,0.0,0
1.0715755728721117,2.250425306146485,5,104,0.0,0
0.9607094990276608,1.5550946993963615,3,471,0.006236185223082152,3
0.8173471568247528,1.0950135981761377,2,456,0.10525733764056992,4
0.8172729071824969,1.4907756837293986,2,146,0.05795313971842768,3
1.3059806338402522,1.309077611027617,4,210,0.0001741675256502269,1
1.3899682613807636,2.49516228534932,1,126,0.2751659152523769,6
0.5568396923099106,1.8658959196770433,5,105,0.0,0
1.8693832287259293,1.836607752750262,5,119,0.0,0
0.7019148826473646,0.8685912250360197,2,156,0.05988326238930414,2
1.311736880441943,0.6833492934256604,5,279,0.02538543472743911,4
1.5539890588537943,1.1927046743346914,5,329,0.0008735367367139946,1
1.44824418519214,2.1402139627488364,4,305,0.0015261538022203701,1
1.8705978822871738,0.7879136731913694,3,347,1.269270373679891,17
0.6078067480038163,1.542263928457408,4,468,0.0,0
1.6359381099774293,1.173367256269274,3,484,0.1483680005367044,11
1.6732796358051563,2.218055475055391,2,134,0.06114211041945523,3
1.4322446386824914,2.2941401598635345,5,215,0.0,0
1.0060789346882335,1.7321565383165278,1,449,0.4070877825838634,5
0.6667029702568203,1.6058817609310205,2,169,0.031769258069326546,3
0.8362543774935393,0.5911708369742208,4,392,0.0038126663797851614,1
1.0246170887048296,0.828469938097389,3,245,0.04273683216765236,4
0.6240401442472757,0.7761988148548595,2,310,0.5055981629919766,8
1.637876253152438,2.4955269715974078,3,205,0.0021789219652887707,2
1.1398712017985444,1.0987397990505618,5,448,0.0013977177520663202,1
1.3833398718199732,0.5123291369277876,1,367,101.39079431925254,307
1.62381335304974,1.6776937270521257,2,278,0.2133708136944624,6
0.7472995245826273,1.0869442497546937,1,336,1.3899719375667856,9
0.60606768821698,0.8704193379844589,4,107,0.0,0
1.1165204166692524,1.923751700162945,3,133,0.022924877323287594,2
0.9450450706184506,1.1776450712228288,4,418,7.505333336846346e-05,1
1.1982842044015896,2.1664182361337443,3,324,0.002691499298666568,1
1.0964508917356974,1.73793959364083,3,176,0.0048943881936481075,1
0.969022132164142,1.3268218828782783,4,232,0.005014408598544142,2
1.9431327228916682,1.1770003785569256,3,338,0.1822396960471377,12
1.9289016316150183,1.065874491785306,3,281,0.20770296602648858,7
1.5687734432540243,1.6987185001466265,2,495,0.10718272966281113,6
1.1781284919605564,1.4042799452787524,1,453,2.781439961353632,17
0.6099901862752074,0.6084899832136224,3,283,0.05816652286190772,2
1.5189053960538639,0.6784065719239545,2,439,17.915564435102976,79
1.742583200160515,1.1670522454977799,3,339,0.15021595797198514,6
0.9790126216181885,1.6317657107768255,2,252,0.07051120616524247,4
0.6837077022420723,2.374437128753585,2,451,0.0060424394695749745,1
1.3415806869252052,1.0886791163598883,5,473,0.0017848570585268884,1
1.9695886864930594,0.5416709416865095,4,239,2.3664278877731926,14
0.561030933000267,1.5460155884074152,1,200,0.33423061277382893,4
0.6264608953708163,0.6167780402438621,2,487,0.9196196505853201,6
1.5523950769360273,2.34053892090665,4,439,0.00018466550110153072,1
1.0628565626118327,0.9338657902773917,5,200,0.0,0
0.5709877694961514,1.3828630469935128,3,265,0.004509502081781392,1
1.3875769292594307,2.3222240791207707,3,284,0.0037924481320344263,2
0.8282873983010558,0.8259447320770148,1,454,19.612293139290372,35
1.4810912216044936,1.7406604960310332,2,470,0.16193006998726783,7
0.8699609991634103,0.8105552345273974,4,344,0.005806557284035368,1
0.5730815895589612,2.0032117883334886,1,236,0.22428176596846572,4
0.6356014949657933,1.057618444174328,5,235,0.0,0
1.4066200490331937,2.0283178198251806,3,295,0.015474011137198733,2
1.3226375706157334,1.0306512544571287,3,346,0.10280638873249386,8
1.2155745676468792,0.9051841812743759,1,337,29.659034318707263,46
1.6218781064739014,0.7946114361205527,2,351,4.790960168397188,39
1.7501211836214912,1.6749516189456553,5,167,0.00032078472837670857,1
1.368864019686461,1.4373179416811344,4,116,0.004754726037710413,1
1.202694056903913,1.152149170002439,4,246,0.0073344311142301425,3
0.9747434807393955,1.8665025934764259,3,322,0.009349868373712383,2
1.9455415619664127,0.8033810576301279,2,367,31.440578035721046,148
1.2191030621757402,1.8235766236417426,2,378,0.04138047502798381,4
1.3650926209896468,1.3365476805337126,4,471,0.005422828185627569,4
0.759150128648055,1.3130274455235422,3,447,0.001564470415201008,1
1.6881416057731096,1.263838111882493,4,460,0.010485381410180872,4
0.8822612679293788,1.3265414505361948,5,463,0.0,0
1.8523294831800343,1.8850442638464693,4,455,0.006877277652210855,3
1.135251410071289,2.415851565312936,1,477,0.36973847924139486,7
0.7316931576269203,1.9509375036466121,2,446,0.01328415837547841,3
1.305661987615482,1.04306103547581,4,170,0.005825114707057133,2
1.1464100539230917,1.1817764445940913,1,295,3.9563051186970073,14
0.9755799209935285,1.8588063085704927,3,433,0.006133223023766797,2
0.8675393318382842,1.0995414433451598,2,265,0.15634812387358077,4
1.6943894874858945,1.1692554962115755,1,204,40.655768945714435,123
1.9118961210036618,1.918452967971572,1,312,7.976917936035646,43
1.3490726107448339,1.0479340735149563,5,109,0.003672122148920083,2
1.3373472247222609,2.0532777929775543,2,265,0.0763368823372202,3
0.6471805282876717,1.7456222640770103,5,194,0.0,0
1.4396043760553763,2.4738819407826362,2,162,0.05763635274799796,5
0.7301899681278301,1.0420360566662132,5,138,0.0,0
0.6706435863498792,0.7094093403831274,1,201,2.3621430152116654,7
0.7056905439087848,2.49970589273373,5,231,0.0,0
0.6386279755316903,1.9522749661468766,1,346,0.27931260768746125,4
1.698166991894784,1.235838631173344,5,460,0.004404195784782451,3
1.969711516867777,0.9447566958719953,2,422,4.199997621002864,35
1.160618313768813,2.461165544295067,5,226,0.0,0
0.7706588464430602,2.0399091588935354,3,118,0.0,0
0.8377439999844412,1.01124367344696,3,453,0.049797163814349045,5
0.742105284393737,2.227799790074837,4,364,0.0,0
0.7604490810437672,1.602284870265635,4,462,0.0,0
1.6235596120429663,2.308360492517106,1,302,1.6288706421731236,18
0.7230195860040147,1.9809777133302526,1,445,0.12173047593923761,3
1.6025612055691303,1.0233546818570403,4,444,0.016560749180326743,4
1.9635493718719068,0.5595797491854271,3,176,8.467768896184339,44
0.9940668593627775,0.9497870537218822,5,311,0.0,0
1.5611579258740726,2.2468717654384394,1,175,2.1220178363586246,21
1.994413110348191,1.6927779512794991,1,375,40.50124817213122,155
0.7076237318400049,1.7904952187407277,5,426,0.0,0
1.6216129111811697,1.7617369600840207,1,294,1.9820587702485641,12
1.3195286679935112,2.2570975935900996,3,342,0.0013200771317699066,2
0.7367231366261513,1.641752334866252,5,421,0.0,0
1.4626284652733887,1.8538055192280838,3,132,0.014472150068749912,2
0.9053349907277712,2.3152866038348803,3,141,0.0,0
0.7978674789343974,0.9808273640670528,2,156,0.18041837363083088,5
1.1126795182554297,1.7627937528180424,5,103,0.0,0
1.7783544346446334,0.8508614426173282,4,282,0.11370256862950846,6
1.461217145539043,0.8431646658298,4,181,0.09409096748254543,4
1.9479457993173628,0.9389122634356171,5,274,0.02991723605279019,6
0.6477147239304295,1.1650687586274415,1,318,1.3993412245622148,7
0.9389043603269598,0.9297997937080185,5,260,0.0,0
1.7580638576832994,1.222198092869575,5,344,0.005932430351610603,3
1.6867975523412484,2.2330662216135657,3,179,0.011374250506161202,3
1.609206874702522,0.7873791195414355,1,318,81.26908969767554,281
1.0851172592686258,1.4039609299584828,1,363,1.3228748304184819,9
1.0823521051520104,1.7713551442599744,1,425,0.844464934284845,10
0.9528252770266274,1.2740041326134661,4,467,0.002282086778358078,1
1.4894933921945062,2.3847705037392966,5,363,0.0,0
0.7939754773947301,0.5983387645433138,4,285,0.03687438033250188,3
1.937520496256724,0.7892581066422824,3,134,1.1214422266737771,13
1.6420255068001064,1.6388183031440144,4,153,0.0038516890643456314,2
0.6817436979600631,1.9455294782872785,4,194,0.0,0
1.5239600036332797,0.5464888457878183,5,371,0.09799746534569756,6
1.540482866379546,1.7797188001312256,5,482,0.000666142193359379,1
1.2112333961885284,0.638198328861258,5,210,0.02168136110424465,2
1.2257038792954604,0.6732148473862007,4,252,0.10303213313831472,7
1.383247691825304,1.624320544504057,5,291,0.0,0
0.8882439140649865,0.6579999704745267,2,404,0.9466857535725939,10
1.1491237530990885,1.7064864940478037,2,269,0.05218394971932262,3
1.8940669778361674,1.3574663188665246,4,313,0.012142352201809974,3
1.132695606092134,0.5113257576086976,1,325,91.54449450084276,229
1.3966689948660396,2.0722217114884494,3,123,0.0037250109105386384,2
1.984861511827039,1.7904633938738952,1,162,7.054474420594697,43
1.1904195020963506,1.1489209830146094,1,465,10.041488123210307,29
0.5247965969413594,1.1413212003745221,4,272,0.0,0
0.5913957144994701,1.1641601430725828,3,278,0.0077997190345649135,2
1.1398949060726857,0.8447214739629838,5,263,0.005479132640167137,3
0.5973238202207665,1.3219540324573622,3,266,0.011360901489748443,2
1.5980357597075439,1.751454648758672,2,447,0.08736981273456083,5
1.9579602927726776,2.2119836030637465,3,119,0.011522468950459077,3
0.7006083923256887,1.715595008450683,1,168,0.23959638027015595,4
1.9128193276564807,0.9638576788059514,1,212,55.80753898415774,226
0.9152970316514639,1.7985666680368584,2,463,0.032324524132620054,3
0.6573319088583285,0.6992866615207876,2,422,0.15941573245121943,3
1.7243835061332105,0.8482881196852081,4,355,0.10895771237708388,8
0.8405406078517172,1.3499158203343542,2,387,0.05296619329482507,4
1.2519003455277549,2.202965273934616,2,211,0.027655880748200478,2
0.577087682927316,1.5562127065203573,4,140,0.0,0
0.6250146063824082,1.0711543823868692,4,471,0.0,0
1.4908189151800992,2.359841783579138,5,217,0.0,0
1.8441835364511716,1.0711885510483719,1,450,99.6524145103399,346
0.6613869148989786,0.6904692451726531,2,361,0.3122751059412732,6
1.9544007875696563,1.6584500176104504,3,497,0.03826778896171547,5
0.659745775629148,1.7353156930327878,2,436,0.027259448118125248,3
0.7373577717602946,2.2605099998621103,2,105,0.0047247398585672125,1
0.577404704471447,0.6153108517752679,4,281,0.0009408305878238475,1
1.0450235248921125,2.0523274765384554,2,161,0.055129112079624246,3
1.5596273252169115,1.2371235324916887,1,398,43.209082824320454,122
1.0809136889379123,1.9597005496786724,3,304,0.009502690448597768,4
1.9269418139880985,2.301492465190228,2,291,0.10441468834505757,5
1.349817331319155,1.7725962232458574,4,124,0.0011392920614861795,2
1.2752598148942165,0.8690797848695415,3,399,0.2138972886568572,8
1.887902927404853,2.305264789884986,1,119,0.8710343464499208,9
1.5541457580687645,0.6038623593255366,1,201,61.53940571250786,181
1.1167292666070907,0.8331116693374547,4,107,0.01568535695696614,3
1.3178575172119316,0.6517737687885925,1,377,102.40591288964949,239
1.7935122408407367,0.7364527039912612,5,248,0.09544372949975319,7
1.0116531451986623,1.6263022184228753,5,386,0.0,0
1.9645295164154881,0.9695812975866409,2,323,10.778298487588005,46
0.5671572568527625,2.1637336089528953,3,322,0.0,0
0.7334356237701157,1.9942831533667429,5,478,0.0008981764764633658,2
1.2163055060401566,2.433542690738058,3,202,0.0033131943795910264,1
0.6603639899273448,1.5115770135383537,3,379,2.5845462766741986e-06,1
0.9370275295223003,1.5217626641238056,1,349,1.2802920324783296,12
0.8985620618102328,1.4910897242966468,4,246,0.0,0
0.6152244540162524,1.385229609592417,3,420,0.004741718787912702,2
0.6095504973589154,1.1941544853683104,2,388,0.11222320564037043,4
0.6272862722240593,1.0867400057434007,4,223,0.0,0
1.2149294496650063,2.410566885570206,2,415,0.045201120390755314,3
0.8769960945720391,0.9036605452438415,4,497,0.006607768059025245,2
1.1430596100194985,2.0962824405031446,1,208,0.3246619268022023,5
0.8600560894026519,1.3339378176443053,1,421,1.5638368664641913,11
1.2258279406150518,1.9064363812014031,3,105,0.00380119160493312,1
0.8421160296211541,1.3353782797677647,2,141,0.0371875965589516,2
0.7798059198410499,2.426705133212341,1,457,0.211188522315472,5
0.9988130221425511,2.3854205540351923,3,375,0.0,0
0.9714940387597683,2.343964937375417,4,264,0.0,0
1.8354369749525237,2.4196204888413897,4,318,0.0004506707694371439,1
1.8693502286346875,0.8515495894014209,5,337,0.04616939676528452,5
1.4718895671321968,1.9220336938483942,4,386,0.0,0
1.8194130556893526,1.424996863680561,1,366,41.25526334936297,152
1.4426306070570551,1.150544196093544,1,475,64.37770309448302,170
1.231620634983822,1.955364108493002,4,456,3.4081387727629704e-07,1
1.6560728810503424,2.4071919559600277,1,364,0.8828487733774182,10
1.5410188559158238,2.26173134933706,1,282,0.6601117535846077,7
0.6182148873244115,1.5061077769513926,5,417,0.0,0
0.7259919523918639,2.4431949210098303,3,485,0.0011722120342529411,1
0.7556010488069571,0.5256660967859501,4,326,0.04716312229615289,3
1.1158754295391795,2.192082598471627,1,221,0.3611407690539225,6
0.6212956725425267,0.6034418605477718,4,483,0.003628207484861524,1
1.7398190570858156,1.1145087374989735,4,226,0.02873916265909282,5
0.7031267973691708,1.2295847723529956,3,249,0.001913595582955578,1
0.6212314176609339,2.4260108842196564,4,420,0.0,0
1.9665817993125665,2.284802964246218,2,405,0.08510754804513207,6
1.329835205789518,1.3586115897095505,2,219,0.2186213584229024,5
1.4432208170727918,0.8176599012060493,3,325,0.3263744043490818,8
0.5313624223333975,0.776967587167851,2,385,0.09006079008188059,2
0.503732142836145,1.0171262810507036,1,433,1.0616465806066082,8
1.3400437606233477,1.999852194717486,1,236,1.1551531471230196,10
1.417273118726648,1.5925044294206836,1,432,3.061909392133211,24
1.8820132389601323,0.9672055131082171,5,103,0.002268256452858302,1
1.4210782168802234,0.6834410772566633,4,207,0.08725677089072055,4
1.8345051986181904,1.0886489719170824,2,191,1.6022432911023237,15
1.739553572639689,2.129995176534041,3,148,0.004532725411004557,2
1.7026952823327435,1.3769729865143134,1,378,30.630244033628244,121
1.3323034485839071,2.432663239882606,2,265,0.03437833379853281,4
1.7309758103039603,2.3301447643284776,4,176,8.866548563413179e-05,1
1.953217813737103,1.966465578564179,2,149,0.2708812296343193,7
0.9262019338864138,0.9698648892949391,2,313,0.1695529799379575,4
1.9534912532746613,1.4539176472653208,3,242,0.05346472678804715,5
1.8956209640323454,0.7164430355344402,3,236,1.7183962050692427,15
1.9843741361398193,1.2697276535428303,3,381,0.11675258079349919,8
1.0089005491838057,1.7338714421384538,2,113,0.02927986297550612,2
1.1663180991413542,2.371437260574909,1,284,0.4266196682529243,6
1.5660229910409378,0.7933662942931043,5,331,0.016975749634022822,4
1.585976997528628,1.292606556330854,2,264,0.32032068985186524,6
1.840245269690762,2.475410323818669,4,133,0.0,0
0.5095524299721639,1.654614591271098,5,307,0.0,0
1.3526089044071388,1.9431565930495824,4,291,0.0,0
1.0100767202231593,2.3388081631690008,5,304,0.0,0
1.1364474598546883,0.987441204382628,5,249,0.0018744997168862578,2
1.7840255242327836,0.5761305232083185,4,221,1.0582552240385812,12
1.904889698432091,1.0041242433624733,1,222,52.64075449164658,213
1.5575645075579012,2.4453056479117774,5,412,0.0003481632104521676,1
1.097955909095056,2.02810353445528,2,351,0.031239302571621802,3
1.0389620434711928,1.7275977582757225,4,138,0.0026319109499695417,1
0.6423405648781579,0.6121944038023792,3,358,0.1306145871947313,4
1.7116497445023475,0.5627823323758843,1,160,60.23449435262113,185
1.7412860831518064,1.3628441075137645,5,220,0.0,0
1.0191684789208657,2.4324475313663125,3,204,0.0007159830623839781,1
1.4146439119271375,1.1252628939433096,1,371,32.708432669468166,132
0.7557042883129236,2.4890058101119745,3,328,0.00011999756965133772,1
0.5156419030076889,0.5974981408076554,2,240,0.2775794947308299,4
1.3153031847590815,2.39688559372969,2,422,0.04249655027900036,5
1.5136518859177501,1.999226974935599,1,493,1.457878769354259,13
0.6626099891279298,0.9595664629217073,5,451,0.0,0
1.3615420392322468,2.0054472369079406,3,211,0.003850289979116094,3
0.6685285587812264,1.398969378108287,2,424,0.0506922214332206,3
1.2829097369679223,1.883470753596488,1,450,1.0567354572196643,11
1.850071116766252,1.7241262698999744,5,445,0.0010947864737215402,3
1.3826123980972231,0.7719453235746374,3,260,0.3032674385576881,6
1.549352793848942,2.1912589698292315,2,228,0.02643908483294865,3
1.1498379306145106,1.7684115285249478,2,166,0.10827331257628928,6
0.9099569360385983,0.9931388190199661,1,351,2.11262534146718,9
1.309872609132401,1.6805713549804593,1,404,1.4283353121426399,10
1.5365941536807448,1.3698982476151127,1,414,34.032050018321684,97
1.7781423801091438,1.4765827837883727,3,474,0.030228713664825685,3
1.5861498647755279,0.9478789150029243,5,312,0.006911564400382866,2
1.3861871859774921,1.1770470133469337,2,134,0.5053215979558809,9
1.811175946170593,1.5936421979693227,1,442,44.157050835138556,136
1.9799799206038342,1.9035104610819595,3,173,0.020560498753006137,3
0.9460686266046512,2.2476548186069545,1,236,0.3288066904044841,4
1.094517137978654,2.268277855278309,1,183,0.2672929242574757,5
0.9005782375712426,1.656030121359096,4,335,0.0,0
1.4298889613217276,1.8966902923746807,2,147,0.07597739530694889,3
1.3158759940254547,1.2970867776069597,5,356,0.0006918774496357995,1
1.9665773512714972,2.2833852581790195,3,224,0.008376566114462984,2
1.8739938582281068,1.0333135841415098,5,480,0.008335588439002494,4
1.3185269610634383,2.1684510714278074,4,160,0.0004239366163704498,1
0.6077337077249036,2.057858598858717,1,230,0.10756760200578182,2
1.1333540115020413,0.7522903222901389,4,285,0.02306930661822434,2
0.7399906760681793,0.9261845131316391,1,197,2.7895528055937233,9
1.9808920213842072,0.7095428657273015,4,296,0.8309741168885592,14
0.6571358230213653,0.9057948113511327,5,260,0.0,0
1.011274763223034,1.499377807967471,1,496,1.6225823325274382,11
1.3594546362858966,1.904194938222611,4,153,0.0,0
1.5475666705662425,1.8497888730013377,1,142,1.9174797689164196,11
1.132590418984118,1.0841949608758918,2,229,0.2918423141997403,6
0.6857052583069039,0.8873581533489032,5,416,0.0,0
1.1324662092777278,1.6919245226266626,1,162,0.8171339573288534,6
0.9398606763523574,2.250950706829286,5,399,0.0,0
1.5651254264505656,2.1175704126871815,3,375,0.011397115382995194,2
1.9856827019248375,2.0260378002010784,4,452,0.005273167737560542,4
1.679863422837855,1.5381954762006853,3,242,0.04100861256791107,4
1.3719962464846016,0.6671365861843161,5,457,0.018254551395328784,4
1.113718942232913,0.7036435549763873,4,312,0.01264114073818328,2
1.060698582044927,1.7538678529145881,4,435,0.0030791989546432746,2
1.9861894172510919,1.2445296143075386,1,150,28.01346666741363,97
0.6495628973182594,2.0877093022806648,1,307,0.1704885756473048,4
0.9147082262208577,2.139364268531235,3,472,0.0017392441723046697,1
1.1339473733121488,0.9536228552892934,3,369,0.07136203665150119,5
0.6960475600238913,2.1916465182459657,4,286,0.0,0
0.7990127938332967,1.052130668974403,4,302,0.0013374675977513937,1
0.6930135079959149,0.7783850382422699,4,362,0.0,0
0.7997551638882919,0.8940851436420132,4,183,0.0,0
1.1842177953249002,2.152567233294615,1,124,0.4268126521287134,5
1.417149389244753,1.6390572848755873,3,325,0.015969727867216697,3
0.5474666326039732,2.373370180142569,2,160,0.0025585799322412083,1
1.2699719143171544,2.3490754032506116,5,234,0.0,0
1.6635517888856155,1.1730225980753684,4,285,0.00880743122644898,4
0.8538692659272913,1.6544703408454189,1,310,0.7359984686377452,10
1.207508436963914,1.7043431068277928,3,200,0.001612862643938291,1
1.2768287999323378,2.486585100116592,1,444,0.3639324940334859,6
1.763671587095395,1.7284634477721497,4,120,0.00918211322325531,3
1.1762466749794735,0.7232522470869274,4,112,0.10453707003207387,4
0.9479499591774746,1.3438736112818976,5,456,0.0,0
1.607097447287547,1.2914788607846823,4,276,0.008686800886511133,3
0.6379362268934456,1.426873875762323,1,272,0.41893896662999575,5
1.9006167166111632,2.350239507000294,1,393,2.401255730252624,17
1.918855159748224,0.860086117462475,4,466,0.2567099914472707,10
1.0543469290594634,2.149692365958429,2,217,0.03491313301948168,2
1.2235511996701574,1.9030910512208998,4,380,0.003252910312930789,4
1.0656127708663097,1.0450921088375857,4,239,0.0015628772014183862,1
0.7364113736242561,2.426844888953364,3,178,0.0,0
1.2149732496100332,2.2276895215725165,2,433,0.03227940728366132,3
1.0438935987988585,1.715323457830277,5,414,0.0,0
1.844766322676002,2.3120330561442968,4,315,0.00056064042097288,2
0.8997116619286494,2.246869678793722,4,438,0.0,0
1.4444778177803377,1.255592728753168,3,448,0.03876321667819277,4
1.2075698359140628,0.7455473883824817,3,153,0.061426005003384736,2
1.5315940097799732,1.2740580723493677,3,128,0.03683465670324309,2
1.1733968862645168,0.7539486318612278,2,250,2.353707430786719,11
1.708085453609605,2.176682141301775,3,396,0.0057794785835354875,2
0.7741026179945303,1.4798361882732918,4,125,0.0,0
0.580264141571429,2.205494571005274,3,225,0.0,0
1.4145071546573367,1.2903636071242084,1,131,6.204310041216457,20
1.148380000066763,1.237910439568251,1,196,4.784808990169225,13
1.0923648530980596,2.1840759695560132,3,159,0.002760467457809104,1
1.835614810737149,2.315876317261197,5,266,0.0,0
1.5557815344974493,1.8754095974394553,3,316,0.008705117981840996,3
1.2833916729733024,1.2257613756136712,2,451,0.21656378686501818,6
1.8440269815183203,2.3568545944809096,1,382,1.2354720178047396,13
1.6649299738577448,1.9912867887180734,4,490,0.0005338919441184513,1
1.4067184451033539,0.6929089973187095,5,473,0.009678433929617524,3
1.9248352997633922,1.019099835284139,1,294,53.935874216626274,243
1.3440589982773874,2.206054490144817,4,142,9.422564299299551e-06,1
1.5812382751819862,2.385468343409622,3,251,0.010229707654017244,2
1.5799146792503844,1.629139418384937,4,443,0.0026382934747225108,2
0.6595502388890975,0.8683118995040224,4,140,0.0,0
0.7980774856371335,0.6132308062168395,2,415,1.2507871970344306,7
1.6994918788354536,1.7819654681797492,5,363,0.00022856375192668415,1
0.6869939131675413,0.593237741695563,4,206,0.0004599953482676536,1
1.7130712689958647,0.8188312450188342,2,320,22.0701202903766,96
1.6385589450590075,0.5793416148395818,2,350,53.266959012981694,174
1.3458846268328384,1.3557247763853268,1,257,5.963930252117957,27
1.5299165495229394,1.1751192037647826,4,272,0.007886027887265614,3
1.728293077259094,1.8031946017673073,4,325,0.0035299789627456927,2
0.9019777216594029,1.7134228297746552,1,116,0.5529693638706455,4
1.2251071910240545,1.9029796333648052,1,446,1.0036189870209684,11
1.5702608915713263,1.9074878220849203,2,377,0.09879783950245978,5
1.247624813671016,2.4839370411003134,3,392,0.004141093289582763,2
1.581325649039913,1.5329460334446134,5,373,0.0019160017513644195,2
0.861999645459369,1.932075679713884,4,456,0.0010449253437858448,1
1.090699969636867,2.386586109800583,5,225,0.0,0
0.6860445970516136,1.8780585981127662,2,416,0.01788690461848043,1
1.4436596831445538,1.072987108426238,3,146,0.0574509676861993,3
0.5977359789843384,0.9606260610434123,1,426,1.4833362722422572,7
1.6422881518617236,1.477067157596526,5,341,0.0021528112536843384,2
1.7804282658782715,1.737966553807324,1,101,8.166504958779427,29
0.6203595126562387,1.61007610522003,1,479,0.3857831151264707,6
0.7989352645706136,1.9233430041097204,1,333,0.5254468512504895,6
1.2891701033859102,0.58908736579975,2,210,6.425089825675392,26
0.5906971662825831,1.4461362867292094,3,135,0.0,0
1.1943377369885826,0.9607956623542151,4,339,0.022026645980645604,4
1.7981884902864218,1.8492958499531034,1,128,1.617698816494854,10
1.5448323254644443,1.2745884674061032,2,221,0.587005721034927,13
1.2027481469440264,1.4730593344937228,3,348,0.014259412215970301,3
1.6202938058458867,1.9738015704444496,3,451,0.015258470778287774,4
1.5080775744180044,1.8387617642414245,1,422,2.8552190745957504,21
0.6037128662929641,2.43854150112525,1,246,0.18227377775460876,3
1.5620410104617537,0.9638792073823208,3,283,0.2846294009245096,9
0.9374671015646122,2.1025552469389623,1,435,0.3306590680002283,6
1.180856104032082,1.1750631676807526,3,422,0.0421733719892807,4
0.7371095154902507,1.0514602309369545,2,101,0.10810246636195628,2
1.7857599777443605,0.8730243028738711,5,136,0.006377088868508416,2
1.4778191026592775,1.888736795622321,5,363,0.0,0
0.8120334667276623,1.6939111661808155,5,334,0.0,0
1.4175092686144193,1.612538133504801,4,187,0.008529017918522869,3
1.2335877171533811,2.1291876345229044,5,141,0.0,0
1.2812634297858312,0.7943797881070285,3,203,0.47829460200145774,8
1.5612863836817643,1.6571715347110698,4,339,0.0019378877406620535,1
1.5716060805877805,1.3515365481369204,2,404,0.2966187735260622,9
1.0379539571899095,1.9246275278400962,2,449,0.05493666718190798,5
1.3127693171096888,1.7976077901833,5,253,0.0,0
1.6646261560959663,0.7704819408545691,5,190,0.023557717767774853,3
1.3804371322287285,2.1536198889058253,1,176,0.38102531640800086,5
1.5451655924466725,1.7104512388706172,4,189,0.003671380942713359,2
1.2230724180561074,2.3806794815552896,3,394,0.004530224533233749,2
1.1108381082197512,1.8525290693868814,5,197,0.0,0
1.6518477111854584,1.1460499693818602,3,311,0.1916291102595732,9
1.7970784161953095,0.5965370969766004,2,135,22.847290766920736,71
0.5882451763101304,1.2285514925167358,3,463,0.002545955715178936,1
1.743909162739059,1.1023392204493088,1,410,92.65829309184889,295
1.5004241080390424,2.259596920930788,3,120,0.013130499534895998,3
1.668094825287622,0.6333396638532482,1,358,95.91803787396032,376
1.8263628197267776,1.4412114275551728,2,458,0.3345803284024346,8
1.2106054830133668,2.333196439353155,3,197,0.0008040179928341814,1
1.253121796215743,1.7236025570835896,5,498,4.0432567141674405e-05,1
0.8211285264956405,0.8915252290857452,2,312,0.20865359015376217,6
1.5630702917600656,0.539106154420989,1,479,160.82454722793753,512
1.199308863784504,0.7852470058736154,3,379,0.11644380487455089,4
1.3245438937954235,1.712176526179562,1,382,1.5734798298783474,17
1.3072794047835905,1.0507794172374731,1,181,19.698443906873152,39
0.5181432914203612,2.102780836737238,1,472,0.14705041994565515,4
1.082084135046999,0.6361053651311093,1,197,34.92356832266181,85
1.4990535411873027,1.136754044340922,1,440,45.822909866528725,150
1.4168337868603307,1.7505420996254444,1,491,1.5070662617582244,14
0.8470962853974884,1.5213298979071157,5,441,0.0,0
1.8412928416116112,0.6846269386513644,2,286,37.60862854502223,143
1.3354051405646,2.264983089543649,5,248,0.00011400489220355362,1
1.217019296883701,2.381106505643917,4,494,0.0006229861829975276,1
1.1837176556119002,1.0227416260729814,1,260,37.08880169160265,71
1.52931857668882,1.1183185924352306,1,290,11.641760101846495,36
1.6396451732263353,1.486245484619166,1,247,13.261039389412243,41
1.2935553560056423,1.463676647902924,2,170,0.15013175971812273,5
1.742830488147967,1.310021315014804,1,488,64.16672792514805,243
1.923458497752786,0.853098532983585,2,368,18.190787483745346,61
0.7527673301955007,1.9824413329982933,2,207,0.005899388111228604,2
1.1902827594051242,2.3972697537883496,2,496,0.027114577188842266,3
0.9680892911713961,0.5226383658423996,4,204,0.0958123326645414,3
1.6218127189722396,1.6199519792192945,2,232,0.13393806902930303,6
0.6070515176071274,2.419348417451959,4,282,0.0,0
0.8034612583992707,2.045237701559267,5,101,0.0,0
1.0841748003363978,1.418881852770932,3,486,0.010363117085858508,3
1.1399900453181722,2.464898961985336,5,160,0.0002703626395614833,1
0.7058900815543041,0.7651319512472545,3,346,0.013878905730346405,2
1.0558405827854727,1.1622335439768459,1,129,3.3395371987941145,9
1.3715442039416494,1.464172450158109,4,259,0.0006655878000169065,1
0.8635589080579499,1.392435660905574,1,405,1.8028218162007554,11
1.0271768913539088,1.4278492632973232,1,301,1.4896373717360472,9
0.9398137361850694,2.260164850299655,5,258,0.0,0
1.8259249847243688,0.9707707356733579,1,272,55.82493120997222,230
0.6205292779354774,1.182086385158167,5,162,0.0,0
1.9294516067410867,1.2592046837150053,4,221,0.014755072752426688,2
1.5319055403620143,1.5128673006814295,2,355,0.16032754268600763,6
1.9751471873174906,2.4980950687967614,5,257,0.0,0
1.5267664021280907,1.8383299396071624,3,162,0.007912847575556776,1
1.6311160966179772,0.998447872571941,4,451,0.03190641665865356,4
1.8571599962974241,2.1716956135569356,3,456,0.015166876928738847,4
0.7572353568529149,1.4877617156022387,2,120,0.04317880439633652,2
1.4645066700562315,2.0378528283461037,5,353,0.0,0
1.7265797861460455,1.9046971551208054,5,208,0.0009848938436713877,1
1.4232976963869097,2.042225426562643,4,233,0.0004620903091330913,1
0.9030800721060086,2.436391328957682,5,374,0.0,0
0.853411942568848,1.7062788804600142,3,198,0.0013923762921477386,1
0.6947831772518877,2.3429858546355105,2,457,0.008998544970276696,2
1.2615826686078333,1.4936657907343063,2,131,0.14229694797865655,4
1.3290196311493614,0.7189500210613671,4,386,0.026626317921856244,4
1.6470215029415978,2.3792514959350655,2,132,0.028658757714292334,3
0.6333964240750749,1.474134971050784,2,181,0.020526492887165636,1
1.1416009042276536,1.2757643826736023,5,442,0.0,0
1.3770027256478754,2.202377377467137,1,406,0.6730901032732719,8
1.171782791144481,1.5586719471994341,5,160,0.0,0
1.778158603953505,1.841715039059051,3,330,0.01146138020505768,2
1.0633555656967089,1.6148220993439517,3,311,0.0031837461210627005,1
1.2207960021273165,0.9809587704674945,2,243,0.5889459121529286,6
0.8678030000345313,1.755186510232896,5,331,0.0,0
1.716766682052636,2.2508621703882596,1,407,1.0655658494242306,14
1.7698750065976283,1.9407300499377325,4,168,0.0006581280749514917,1
1.0024057092934402,0.8198297446335987,4,467,0.00917463798501958,2
1.4809692677467918,1.0069306103213818,1,385,43.72339775158398,119
0.6258642401918272,1.6024546621871745,1,461,0.293444681567695,4
0.9866223561284586,0.9217474278260176,5,221,0.0021379604891444237,2
1.1872235708091519,1.7720824493009986,3,121,0.027800305924927743,3
0.8417078127214608,0.6620792739503212,1,495,67.36380872279808,110
1.8324101136153848,1.4206249385072374,2,428,0.3784033657800809,13
1.5018312902348665,2.0244441934283786,4,467,0.0004493511661628789,1
1.168966942472429,1.5190342429330885,3,175,0.007744431535106656,2
1.201368082425234,1.6267488241096448,2,125,0.07907165597149411,4
1.368500735724386,0.8775809098028926,3,411,0.1339997246382486,5
1.7096015352169953,2.2956064035134123,3,186,0.015386413767685677,3
1.4519810095630552,1.664440954039767,2,413,0.22286758523963535,7
1.365771485548824,2.424509732479799,5,479,0.0,0
1.1983517352447144,1.2291037018147202,2,285,0.3871970340393998,6
1.000721528513056,1.9026631423020421,5,387,0.0,0
0.8257087031887032,1.780402995743595,5,362,0.0,0
0.7574785600954228,0.8485629789932589,3,397,0.02558457276677604,2
1.9669070747134552,1.4437467236068104,4,222,0.0063568532142707366,4
1.4098276382810953,1.205750518399636,1,480,38.357507381710164,105
1.9091721552420609,0.6717101713770037,5,211,0.04716952461920414,3
1.8659935636019014,2.329150541796806,1,147,1.0109332626515668,10
1.9840241884564198,1.2635471700623366,3,207,0.0888474927329751,6
